{"polyfill":["/polyfill-50c13603dff2081408f3.js"],"app":["/app-874bf57f71d7f9f18fb8.js"],"component---src-pages-404-js":["/component---src-pages-404-js-1b54f621ff36486d624e.js"],"component---src-pages-about-js":["/component---src-pages-about-js-de426e4838078f4f8395.js"],"component---src-pages-guestguide-js":["/component---src-pages-guestguide-js-2c95747d391e5acccea1.js"],"component---src-pages-index-js":["/component---src-pages-index-js-d438088c825d5dd7e9b0.js"],"component---src-pages-sponsorship-js":["/component---src-pages-sponsorship-js-256938a4b7b80775cf2f.js"],"component---src-templates-posts-detail-js":["/component---src-templates-posts-detail-js-e4748edfe227b0d8b1c4.js"]}