{"name":"build-javascript","namedChunkGroups":{"polyfill":{"name":"polyfill","assets":[{"name":"webpack-runtime-a1c3e8edab0fb933b984.js","size":5374},{"name":"polyfill-50c13603dff2081408f3.js","size":85053}],"filteredAssets":0,"assetsSize":90427,"filteredAuxiliaryAssets":2,"auxiliaryAssetsSize":231735},"app":{"name":"app","assets":[{"name":"webpack-runtime-a1c3e8edab0fb933b984.js","size":5374},{"name":"framework-da830827b00962761adb.js","size":149820},{"name":"app-62f47d80f96c259a23c6.js","size":107280}],"filteredAssets":0,"assetsSize":262474,"filteredAuxiliaryAssets":3,"auxiliaryAssetsSize":825156},"component---src-pages-404-js":{"name":"component---src-pages-404-js","assets":[{"name":"framework-da830827b00962761adb.js","size":149820},{"name":"styles.ea886467e1cae407cc66.css","size":210171},{"name":"1bfc9850-070b0c5d66d99a50526f.js","size":1346},{"name":"commons-6c32af39a2eee59f33ac.js","size":19027},{"name":"component---src-pages-404-js-1b54f621ff36486d624e.js","size":789}],"filteredAssets":0,"assetsSize":381153,"filteredAuxiliaryAssets":5,"auxiliaryAssetsSize":2394141},"component---src-pages-about-js":{"name":"component---src-pages-about-js","assets":[{"name":"framework-da830827b00962761adb.js","size":149820},{"name":"styles.ea886467e1cae407cc66.css","size":210171},{"name":"1bfc9850-070b0c5d66d99a50526f.js","size":1346},{"name":"commons-6c32af39a2eee59f33ac.js","size":19027},{"name":"component---src-pages-about-js-ec4c38e41ed437657aa8.js","size":5506}],"filteredAssets":0,"assetsSize":385870,"filteredAuxiliaryAssets":5,"auxiliaryAssetsSize":2402366},"component---src-pages-guestguide-js":{"name":"component---src-pages-guestguide-js","assets":[{"name":"framework-da830827b00962761adb.js","size":149820},{"name":"styles.ea886467e1cae407cc66.css","size":210171},{"name":"1bfc9850-070b0c5d66d99a50526f.js","size":1346},{"name":"commons-6c32af39a2eee59f33ac.js","size":19027},{"name":"component---src-pages-guestguide-js-2c95747d391e5acccea1.js","size":4889}],"filteredAssets":0,"assetsSize":385253,"filteredAuxiliaryAssets":5,"auxiliaryAssetsSize":2402351},"component---src-pages-index-js":{"name":"component---src-pages-index-js","assets":[{"name":"framework-da830827b00962761adb.js","size":149820},{"name":"styles.ea886467e1cae407cc66.css","size":210171},{"name":"1bfc9850-070b0c5d66d99a50526f.js","size":1346},{"name":"commons-6c32af39a2eee59f33ac.js","size":19027},{"name":"component---src-pages-index-js-d438088c825d5dd7e9b0.js","size":26354}],"filteredAssets":0,"assetsSize":406718,"filteredAuxiliaryAssets":5,"auxiliaryAssetsSize":2472350},"component---src-pages-sponsorship-js":{"name":"component---src-pages-sponsorship-js","assets":[{"name":"framework-da830827b00962761adb.js","size":149820},{"name":"styles.ea886467e1cae407cc66.css","size":210171},{"name":"1bfc9850-070b0c5d66d99a50526f.js","size":1346},{"name":"commons-6c32af39a2eee59f33ac.js","size":19027},{"name":"component---src-pages-sponsorship-js-256938a4b7b80775cf2f.js","size":29393}],"filteredAssets":0,"assetsSize":409757,"filteredAuxiliaryAssets":5,"auxiliaryAssetsSize":2441663},"component---src-templates-posts-detail-js":{"name":"component---src-templates-posts-detail-js","assets":[{"name":"framework-da830827b00962761adb.js","size":149820},{"name":"styles.ea886467e1cae407cc66.css","size":210171},{"name":"1bfc9850-070b0c5d66d99a50526f.js","size":1346},{"name":"commons-6c32af39a2eee59f33ac.js","size":19027},{"name":"component---src-templates-posts-detail-js-e4748edfe227b0d8b1c4.js","size":2886}],"filteredAssets":0,"assetsSize":383250,"filteredAuxiliaryAssets":5,"auxiliaryAssetsSize":2403868}},"assetsByChunkName":{"polyfill":["webpack-runtime-a1c3e8edab0fb933b984.js","polyfill-50c13603dff2081408f3.js"],"app":["webpack-runtime-a1c3e8edab0fb933b984.js","framework-da830827b00962761adb.js","app-62f47d80f96c259a23c6.js"],"component---src-pages-404-js":["framework-da830827b00962761adb.js","styles.ea886467e1cae407cc66.css","1bfc9850-070b0c5d66d99a50526f.js","commons-6c32af39a2eee59f33ac.js","component---src-pages-404-js-1b54f621ff36486d624e.js"],"component---src-pages-about-js":["framework-da830827b00962761adb.js","styles.ea886467e1cae407cc66.css","1bfc9850-070b0c5d66d99a50526f.js","commons-6c32af39a2eee59f33ac.js","component---src-pages-about-js-ec4c38e41ed437657aa8.js"],"component---src-pages-guestguide-js":["framework-da830827b00962761adb.js","styles.ea886467e1cae407cc66.css","1bfc9850-070b0c5d66d99a50526f.js","commons-6c32af39a2eee59f33ac.js","component---src-pages-guestguide-js-2c95747d391e5acccea1.js"],"component---src-pages-index-js":["framework-da830827b00962761adb.js","styles.ea886467e1cae407cc66.css","1bfc9850-070b0c5d66d99a50526f.js","commons-6c32af39a2eee59f33ac.js","component---src-pages-index-js-d438088c825d5dd7e9b0.js"],"component---src-pages-sponsorship-js":["framework-da830827b00962761adb.js","styles.ea886467e1cae407cc66.css","1bfc9850-070b0c5d66d99a50526f.js","commons-6c32af39a2eee59f33ac.js","component---src-pages-sponsorship-js-256938a4b7b80775cf2f.js"],"component---src-templates-posts-detail-js":["framework-da830827b00962761adb.js","styles.ea886467e1cae407cc66.css","1bfc9850-070b0c5d66d99a50526f.js","commons-6c32af39a2eee59f33ac.js","component---src-templates-posts-detail-js-e4748edfe227b0d8b1c4.js"]},"childAssetsByChunkName":{}}